movie_id,title,genre,language,region,description,release_year,rating,popularity_score,poster_url,director,writers,stars,trailer_url,banner_url
1,Leo,Action,Tamil,Tamil Nadu,A former gangster is forced to confront his violent past.,2023,8.2,95,https://image.tmdb.org/t/p/w500/gSOVog7ydsaF1YpgAqBqnKYFGY.jpg,Lokesh Kanagaraj,Lokesh Kanagaraj,Vijay|Trisha,https://www.youtube.com/embed/G_AEL-Xo5l8,https://image.tmdb.org/t/p/original/auXrHU6O17n9Tz11SHReoorjrU6.jpg
2,Jailer,Action,Tamil,Tamil Nadu,A retired jailer seeks revenge against powerful criminals.,2023,8.5,98,https://image.tmdb.org/t/p/w500/pTmMxAHqX4vsIDE6HPPxOR0Q6TN.jpg,Nelson Dilipkumar,Nelson Dilipkumar,Rajinikanth|Tamannaah,https://www.youtube.com/embed/xenOE1Tma0A,https://image.tmdb.org/t/p/original/ownDZBS9ecoPbWjW5V5L8jknGF.jpg
3,Vikram,Action,Tamil,Tamil Nadu,A covert investigation reveals a massive drug syndicate.,2022,8.3,94,https://image.tmdb.org/t/p/w500/774UV1aCURb4s4JfEFg3IEMu5Zj.jpg,Lokesh Kanagaraj,Lokesh Kanagaraj,Kamal Haasan|Fahadh Faasil,https://www.youtube.com/embed/OKBMCL-frPU,https://image.tmdb.org/t/p/original/dkIX4dSMuVqjfrPGunBJUR7K3LQ.jpg
4,Maamannan,Drama,Tamil,Tamil Nadu,A political struggle challenges caste oppression and power.,2023,7.6,85,https://image.tmdb.org/t/p/w500/fy2dQecqSo1iR0GxbQ1Y21MdWyw.jpg,Mari Selvaraj,Mari Selvaraj,Vadivelu|Udhayanidhi,https://www.youtube.com/embed/YvWkC1KZJ9k,https://image.tmdb.org/t/p/original/9csUsMwrA8kQLhJU2eTXAaI56i1.jpg
5,Thunivu,Action,Tamil,Tamil Nadu,A criminal mastermind takes over a bank during a heist.,2023,7.1,88,https://image.tmdb.org/t/p/w500/5Cdi9MFxEGsfphvDxV4TyY4znP6.jpg,H Vinoth,H Vinoth,Ajith Kumar|Manju Warrier,https://www.youtube.com/embed/nI9TBoMlmv4,https://image.tmdb.org/t/p/original/woLEI1MC1Ya4eHrFveUXd60hVU.jpg
6,Varisu,Drama,Tamil,Tamil Nadu,A business heir reunites his broken family.,2023,6.9,82,https://image.tmdb.org/t/p/w500/iMUIsV6u0pPqfv1j8tGxbJw40sw.jpg,Vamshi Paidipally,Vamshi Paidipally,Vijay|Rashmika,https://www.youtube.com/embed/9fY5wz5M9b0,https://image.tmdb.org/t/p/original/fjd6RKx4Zh8UKQfjpSSkM53eJw6.jpg
7,Por Thozhil,Thriller,Tamil,Tamil Nadu,Two investigators hunt a ruthless serial killer.,2023,8,90,https://image.tmdb.org/t/p/w500/lZ2BbjGBDRW5Q5Q9jgEknuiEQ0f.jpg,Vignesh Raja,Vignesh Raja,Sarathkumar|Ashok Selvan,https://www.youtube.com/embed/4fC0pLJmJ4I,https://image.tmdb.org/t/p/original/tZ3yWC0H3HUtIBkxeqyQhaw9EOz.jpg
8,Ayothi,Drama,Tamil,Tamil Nadu,Humanity transcends borders during a tragic journey.,2023,8.1,87,https://image.tmdb.org/t/p/w500/em8sXeAUjNyWHEK2eG5rpYdoQfn.jpg,R Manthira Moorthy,R Manthira Moorthy,Sasikumar,https://www.youtube.com/embed/Y2t3B5c3m9k,https://image.tmdb.org/t/p/original/3HRRCk0YSD2dgYJvuff8crY7zBb.jpg
9,Dada,Romance,Tamil,Tamil Nadu,A young man learns responsibility through unexpected fatherhood.,2023,7.8,86,https://image.tmdb.org/t/p/w500/x7C2u4oXoMFQBaSJqqcyU3qpwKy.jpg,Ganesh K Babu,Ganesh K Babu,Kavin|Aparna Das,https://www.youtube.com/embed/Vj5dH6vXn8g,https://image.tmdb.org/t/p/original/8SLW8lr2mQaHNJtw2PwGwUCcw3h.jpg
10,Good Night,Comedy,Tamil,Tamil Nadu,A light-hearted story about love and sleep disorders.,2023,7.7,84,https://image.tmdb.org/t/p/w500/aFTO0tCTxXazstWfhOQHPb3kcMT.jpg,Vinayak Chandrasekaran,Vinayak Chandrasekaran,Manikandan|Meetha,https://www.youtube.com/embed/2ZJXGmG0D7Y,https://image.tmdb.org/t/p/original/mnkUNxUX2k1WcmW0rnz8BqA0SdS.jpg
11,Mark Antony,Sci-Fi,Tamil,Tamil Nadu,Time travel chaos unfolds between two rivals.,2023,7.3,89,https://image.tmdb.org/t/p/w500/3xz1lfMrFlNtZ4H8DQKvYog8ilR.jpg,Adhik Ravichandran,Adhik Ravichandran,Vishal|SJ Suryah,https://www.youtube.com/embed/6A5N2XyFZ9E,https://image.tmdb.org/t/p/original/q8cXWpngGo5rYz2lkGJc5GiKcmL.jpg
12,Chithha,Drama,Tamil,Tamil Nadu,A man fights against societal silence after a tragedy.,2023,8.4,92,https://image.tmdb.org/t/p/w500/5JdoPaXlLt4fYu2V8Ug12QRiQ89.jpg,S U Arun Kumar,S U Arun Kumar,Siddharth,https://www.youtube.com/embed/EVnF1kZ0JcI,https://image.tmdb.org/t/p/original/60wXr9CohMCHTOwjwHHeHSoj2gz.jpg
13,Iraivan,Thriller,Tamil,Tamil Nadu,A cop tracks a brutal serial killer across cities.,2023,7.1,83,https://image.tmdb.org/t/p/w500/zRusAvFszxi96hzBfAQWezqnUQl.jpg,I Ahmed,I Ahmed,Jayam Ravi|Nayanthara,https://www.youtube.com/embed/1nJ7YqY5c3M,https://image.tmdb.org/t/p/original/lCKmwaiaEqph32GdrbGX6ASgqvE.jpg
14,Japan,Action,Tamil,Tamil Nadu,A jewel thief becomes entangled in international crime.,2023,6.5,78,https://image.tmdb.org/t/p/w500/l70UVbJU6cW1vTR5g3wilkSRT3e.jpg,Raju Murugan,Raju Murugan,Karthi|Anu Emmanuel,https://www.youtube.com/embed/3KpKJvH7QyA,https://image.tmdb.org/t/p/original/dQY6Oc4PIx82WrZS3HzNSIredDi.jpg
15,Maharaja,Thriller,Tamil,Tamil Nadu,A barber seeks revenge after a mysterious burglary.,2024,8.5,96,https://image.tmdb.org/t/p/w500/s0m4TM1XRAftQStgKpw024RvkJo.jpg,Nithilan Saminathan,Nithilan Saminathan,Vijay Sethupathi,https://www.youtube.com/embed/Otcr-vRuaQs,https://image.tmdb.org/t/p/original/if61bpqSXngkGoGNjMdHZt02wZS.jpg
16,Lover,Romance,Tamil,Tamil Nadu,A modern relationship faces emotional conflicts.,2024,7.9,88,https://image.tmdb.org/t/p/w500/csOCjgxuxGZWxCm0mgAbfmpopnA.jpg,Prabhuram Vyas,Prabhuram Vyas,Manikandan|Sri Gouri,https://www.youtube.com/embed/k8m2Y7ZrKxY,/static/banners/lover.jpg
17,Blue Star,Sports,Tamil,Tamil Nadu,Caste and politics collide on a cricket field.,2024,7.6,85,https://image.tmdb.org/t/p/w500/8agxJ2Wv8EitO1xwF2HgxnyloCI.jpg,S Jayakumar,S Jayakumar,Ashok Selvan,https://www.youtube.com/embed/5_4ibmR7fj0,https://image.tmdb.org/t/p/original/rPJzSvaOcssRPegJkKS7UVa8Ib3.jpg
18,Star,Drama,Tamil,Tamil Nadu,A young man struggles to become a film star.,2024,7.4,80,https://image.tmdb.org/t/p/w500/5CfMThbNB0aZTZ0XFgV2Xczngy7.jpg,Elan,Elan,Kavin,https://www.youtube.com/embed/8Z7Xv4TzYwA,/static/banners/star.jpg
19,Garudan,Action,Tamil,Tamil Nadu,Friendship turns into rivalry over power and greed.,2024,7.8,86,https://image.tmdb.org/t/p/w500/xLBfXgJAKYqUQmq8HkD9CUFiaMm.jpg,RS Durai Senthilkumar,RS Durai Senthilkumar,Soori|Unni Mukundan,https://www.youtube.com/embed/1kHq3WZp7vE,https://image.tmdb.org/t/p/original/5CayL5lnfk0PJq9HXqqegvcmtdE.jpg
20,Raayan,Action,Tamil,Tamil Nadu,A man rises against a violent underworld.,2024,8,91,https://image.tmdb.org/t/p/w500/dHMbqpG7vZk1iEJaEkCCyixFbos.jpg,Dhanush,Dhanush,Dhanush,https://www.youtube.com/embed/_fHcF5Zy6XU,https://image.tmdb.org/t/p/original/1Us0a54s7aFDwDtIfRjlwvnLJQg.jpg
21,Jawan,Action,Hindi,Maharashtra,A man driven by personal loss fights systemic injustice.,2023,7.9,94,https://image.tmdb.org/t/p/w500/jFt1gS4BGHlK8xt76Y81Alp4dbt.jpg,Atlee,Atlee,Shah Rukh Khan|Nayanthara,https://www.youtube.com/embed/MWOlnZSnXJo,https://image.tmdb.org/t/p/original/5LtSjMNw6j3LkG29Oa4O0iY5U8.jpg
22,Pathaan,Action,Hindi,Maharashtra,A spy races against time to stop a global terror threat.,2023,7.6,96,https://image.tmdb.org/t/p/w500/arf00BkwvXo0CFKbaD9OpqdE4Nu.jpg,Siddharth Anand,Siddharth Anand,Shah Rukh Khan|Deepika Padukone,https://www.youtube.com/embed/yswBxKPFSvA,https://image.tmdb.org/t/p/original/9wRAIQeOv2qzcgpfvA4dYZKeezl.jpg
23,Animal,Action,Hindi,Maharashtra,A toxic father-son relationship spirals into violence.,2023,7.2,95,https://image.tmdb.org/t/p/w500/hr9rjR3J0xBBKmlJ4n3gHId9ccx.jpg,Sandeep Reddy Vanga,Sandeep Reddy Vanga,Ranbir Kapoor|Anil Kapoor,https://www.youtube.com/embed/6DfaBq2rVoE,https://image.tmdb.org/t/p/original/lprsAHkwMxk2iC6VZxNmV0H7g1t.jpg
24,12th Fail,Drama,Hindi,Madhya Pradesh,A determined student overcomes poverty to crack civil services.,2023,9,93,https://image.tmdb.org/t/p/w500/eebUPRI4Z5e1Z7Hev4JZAwMIFkX.jpg,Vidhu Vinod Chopra,Vidhu Vinod Chopra,Vikrant Massey,https://www.youtube.com/embed/WeMJo701mvQ,https://image.tmdb.org/t/p/original/6RV2o8PBCEyw9ylOWViV1CtULIF.jpg
25,Dunki,Comedy,Hindi,Punjab,Friends chase dreams through an illegal immigration route.,2023,7.4,88,https://image.tmdb.org/t/p/w500/kPRb1mbVHGop0egQ7153y0lhzGL.jpg,Rajkumar Hirani,Rajkumar Hirani,Shah Rukh Khan|Taapsee Pannu,https://www.youtube.com/embed/Zd69FfhBmSc,https://image.tmdb.org/t/p/original/uuw0PRR4sgGi1IV4CYYpEYtez9y.jpg
26,Brahmāstra: Part One – Shiva,Fantasy,Hindi,Maharashtra,A young man discovers divine powers linked to ancient weapons.,2022,7.1,90,https://image.tmdb.org/t/p/w500/x61qdvHIsr9U53FwoLVDQqAGur0.jpg,Ayan Mukerji,Ayan Mukerji,Ranbir Kapoor|Alia Bhatt,https://www.youtube.com/embed/JwZRx6IGL_k,https://image.tmdb.org/t/p/original/9oAqll65ytlOBLzZwUwkmo5RwIK.jpg
27,Rocky Aur Rani Kii Prem Kahaani,Romance,Hindi,Maharashtra,Opposites clash when love challenges family traditions.,2023,7.3,87,https://image.tmdb.org/t/p/w500/vTQIqlxUkOuyf2UKhlM2OUaFGKz.jpg,Karan Johar,Karan Johar,Ranveer Singh|Alia Bhatt,https://www.youtube.com/embed/LHm2RyKo0_M,https://image.tmdb.org/t/p/original/61RYedFgX1K07xgVIvdJzukSR4g.jpg
28,Sam Bahadur,Biography,Hindi,Delhi,The inspiring life of India’s first Field Marshal.,2023,8.4,91,https://image.tmdb.org/t/p/w500/nFYf3g3CObjx9ri3PMWkK1lWFhr.jpg,Meghna Gulzar,Meghna Gulzar,Vicky Kaushal,https://www.youtube.com/embed/QM9FxTq6sMc,https://image.tmdb.org/t/p/original/kGpaa9ufi6gFJqLdDtl9mTOEIXj.jpg
29,Gadar 2,Action,Hindi,Punjab,A man crosses borders to protect his family.,2023,7,92,https://image.tmdb.org/t/p/w500/brCBYKGQaxZZcwmFF6OIxZLdKVU.jpg,Anil Sharma,Anil Sharma,Sunny Deol|Ameesha Patel,https://www.youtube.com/embed/mljj92tRwlk,https://image.tmdb.org/t/p/original/51jVHbIvlRhX6BaMq4YTZKN5DXe.jpg
30,Zara Hatke Zara Bachke,Romance,Hindi,Madhya Pradesh,A married couple navigates modern relationship pressures.,2023,6.6,80,https://image.tmdb.org/t/p/w500/wIziBCZWsDCzFbil4iT9TyUOnhT.jpg,Laxman Utekar,Laxman Utekar,Vicky Kaushal|Sara Ali Khan,https://www.youtube.com/embed/AcQpZ0wFhV0,https://image.tmdb.org/t/p/original/jXYqN1Cdm7fKoCd0uYdknK3mPxf.jpg
31,The Kerala Story,Drama,Hindi,Kerala,A controversial tale of radicalization and identity.,2023,6.9,85,https://image.tmdb.org/t/p/w500/g70f3hwn5jPaNzqPssoa9unlawo.jpg,Sudipto Sen,Sudipto Sen,Adah Sharma,https://www.youtube.com/embed/3Jk3vquJDGs,https://image.tmdb.org/t/p/original/ukVxV6Z31zPlbNnQM4RqNLFliHB.jpg
32,Bholaa,Action,Hindi,Uttar Pradesh,An ex-prisoner battles drug mafias to reunite with his daughter.,2023,6.5,82,https://image.tmdb.org/t/p/w500/chmbRa3tKFq1KNMoyuU8Vf5hlke.jpg,Ajay Devgn,Ajay Devgn,Ajay Devgn|Tabu,https://www.youtube.com/embed/uNhJ7pPp7xs,https://image.tmdb.org/t/p/original/tj6yPh5AKh17Tav2QQuk9q8njNI.jpg
33,Satyaprem Ki Katha,Romance,Hindi,Gujarat,Love confronts trauma and social stigma.,2023,7.2,84,https://image.tmdb.org/t/p/w500/99DkKzMm7SrNw8p6jozCkKmOnTy.jpg,Sameer Vidwans,Karan Shrikant Sharma,Kartik Aaryan|Kiara Advani,https://www.youtube.com/embed/8EPJiFfWRfw,https://image.tmdb.org/t/p/original/ktmWj9fW2X94vvhzHu9eio2Rlnp.jpg
34,Bandaa,Drama,Hindi,Delhi,A courtroom battle exposes corruption and injustice.,2023,7.7,86,https://image.tmdb.org/t/p/w500/i8wMjVoQOyo9XUOrQk60WCcklCj.jpg,Apoorv Singh Karki,Apoorv Singh Karki,Manoj Bajpayee,https://www.youtube.com/embed/C8R_DN2zKpI,https://image.tmdb.org/t/p/original/w2FsfkRBuoh9CXWWj0wdFiMkSBB.jpg
35,Mission Raniganj,Drama,Hindi,West Bengal,A real-life coal mine rescue mission.,2023,7.5,83,https://image.tmdb.org/t/p/w500/3804yFLTPlMqG6Jxsm20aqcFEfU.jpg,Tinu Suresh Desai,Tinu Suresh Desai,Akshay Kumar,https://www.youtube.com/embed/x7G2mMZrXyk,https://image.tmdb.org/t/p/original/A8tbA2tvsvg7swQlsAfb1PLwfJg.jpg
36,OMG 2,Comedy,Hindi,Madhya Pradesh,A satirical take on sex education and faith.,2023,8,89,https://image.tmdb.org/t/p/w500/kApiO3oL6t100aCtkcwEhk2kqgK.jpg,Amit Rai,Amit Rai,Akshay Kumar|Pankaj Tripathi,https://www.youtube.com/embed/Y6ZKXqM7HNQ,https://image.tmdb.org/t/p/original/9wmSV9Nk3j7GIEBQghJIGI0U2Nk.jpg
37,Laapataa Ladies,Comedy,Hindi,Rajasthan,Two brides are accidentally swapped during a train journey.,2024,8.2,90,https://image.tmdb.org/t/p/w500/cGG5hCwPnMvuKzvUBnxo5y3DcVM.jpg,Kiran Rao,Kiran Rao,Nitanshi Goel,https://www.youtube.com/embed/hGM87LCJxRc,https://image.tmdb.org/t/p/original/uUVXEEyMsyWxrcbmAppUCYg6egV.jpg
38,Fighter,Action,Hindi,Delhi,Elite fighter pilots defend the nation against threats.,2024,7.8,92,https://image.tmdb.org/t/p/w500/zqFuriKJ6pYDvf72kXNLONnuE8k.jpg,Siddharth Anand,Siddharth Anand,Hrithik Roshan|Deepika Padukone,https://www.youtube.com/embed/lAVYll_wBeY,https://image.tmdb.org/t/p/original/vcc6NDwsMwNrwHgVuI9lGdWJLB8.jpg
39,Article 370,Political,Hindi,Jammu & Kashmir,A covert operation reshapes national security strategy.,2024,7.9,88,https://image.tmdb.org/t/p/w500/9VTemjHMpyxzfC3JsG2aFy8Bf9Y.jpg,Aditya Suhas Jambhale,Aditya Suhas Jambhale,Yami Gautam,https://www.youtube.com/embed/Nwce9WwkcMg,https://image.tmdb.org/t/p/original/qYXnMDuwaApMRtV8JunFmieZo8R.jpg
40,Maidaan,Sports,Hindi,Delhi,The golden era of Indian football under a visionary coach.,2024,8.1,89,https://image.tmdb.org/t/p/w500/eKbAVKQf6choCfasNWuYoSTOPBP.jpg,Amit Ravindernath Sharma,Amit Ravindernath Sharma,Ajay Devgn,https://www.youtube.com/embed/kDzAKXNnAVA,https://image.tmdb.org/t/p/original/zqLWsOw9RaVjtI1ke8rQocv3ODJ.jpg
41,RRR,Action,Telugu,Andhra Pradesh,Two revolutionaries fight against colonial oppression.,2022,8.7,98,https://image.tmdb.org/t/p/w500/u0XUBNQWlOvrh0Gd97ARGpIkL0.jpg,SS Rajamouli,SS Rajamouli,NTR Jr|Ram Charan,https://www.youtube.com/embed/i4pjiLGUTtk,https://image.tmdb.org/t/p/original/i0Y0wP8H6SRgjr6QmuwbtQbS24D.jpg
42,Pushpa: The Rise,Action,Telugu,Andhra Pradesh,A laborer rises through the ranks of red sandalwood smuggling.,2022,7.9,96,https://image.tmdb.org/t/p/w500/h6Pd89ngvl9quPVsx3KoJlQsvk9.jpg,Sukumar,Sukumar,Allu Arjun|Rashmika Mandanna,https://www.youtube.com/embed/ou6h-22tMnA,https://image.tmdb.org/t/p/original/jQIcn51nsvMrpB9NFwEOb9QHhFt.jpg
43,Dasara,Action,Telugu,Telangana,A village feud escalates into a violent uprising.,2023,7.6,90,https://image.tmdb.org/t/p/w500/4OTVoCVXa5aHDZl8opKoIV9Ezr5.jpg,Srikanth Odela,Srikanth Odela,Nani|Keerthy Suresh,https://www.youtube.com/embed/0y0x8tX1p8A,https://image.tmdb.org/t/p/original/hcqY0Er8AhU3UiSAxB5tT6sBiZv.jpg
44,Salaar,Action,Telugu,Telangana,A powerful man rises against a ruthless empire.,2023,8.1,97,https://image.tmdb.org/t/p/w500/nlu9WbcetNFRGXXPWITr30ob7W6.jpg,Prashanth Neel,Prashanth Neel,Prabhas|Prithviraj,https://www.youtube.com/embed/9Im1q4gvk1M,https://image.tmdb.org/t/p/original/xtOCTmGemASooRkAxRorYODig1p.jpg
45,Sita Ramam,Romance,Telugu,Telangana,A timeless love story unfolds through handwritten letters.,2022,8.5,92,https://image.tmdb.org/t/p/w500/g3hk2wEeIsTGhh7JvK8yWFVR7ue.jpg,Hanu Raghavapudi,Hanu Raghavapudi,Dulquer Salmaan|Mrunal Thakur,https://www.youtube.com/embed/Ql-0zJk6ofo,https://image.tmdb.org/t/p/original/h5UfNqTtbupJLu6Y2kZs59dzG2D.jpg
46,Karthikeya 2,Thriller,Telugu,Andhra Pradesh,A doctor uncovers ancient mysteries tied to Lord Krishna.,2022,7.8,88,https://image.tmdb.org/t/p/w500/fKKoQndNfbDOLfYM1Zogt7miGF1.jpg,Chandoo Mondeti,Chandoo Mondeti,Nikhil Siddhartha,https://www.youtube.com/embed/UIYS4iyeXj4,https://image.tmdb.org/t/p/original/ej1bwcXrRdJNUG843KIosu8srCg.jpg
47,Virupaksha,Thriller,Telugu,Telangana,Dark rituals terrorize a remote village.,2023,7.4,86,https://image.tmdb.org/t/p/w500/fqMn4h9ctOyumII2nXDnm5mRTxQ.jpg,Karthik Varma Dandu,Karthik Varma Dandu,Sai Dharam Tej|Samyuktha,https://www.youtube.com/embed/UcOpgGt06FE,https://image.tmdb.org/t/p/original/xfm3oNEyguquFMW3Yq4UNgnoVRL.jpg
48,Hi Nanna,Drama,Telugu,Telangana,A father and daughter rediscover love and healing.,2023,8,89,https://image.tmdb.org/t/p/w500/hhMLtq9m1aK0dpY9Wcq26XeDH2z.jpg,Shouryuv,Shouryuv,Nani|Mrunal Thakur,https://www.youtube.com/embed/3Ld05Om2UWs,https://image.tmdb.org/t/p/original/2vxKa3gMHc84O1iHRkslqeHSsxE.jpg
49,Waltair Veerayya,Action,Telugu,Andhra Pradesh,A fisherman becomes an unlikely savior.,2023,6.8,85,https://image.tmdb.org/t/p/w500/g4mx225pbBH5i0KSjc3t1pO5hIy.jpg,KS Ravindra,KS Ravindra,Chiranjeevi,https://www.youtube.com/embed/AIdMYKIrHFw,https://image.tmdb.org/t/p/original/4JgZdSxx0YOwUx4cdokGgD9o4fE.jpg
50,Veera Simha Reddy,Action,Telugu,Andhra Pradesh,A man confronts enemies threatening his family legacy.,2023,6.6,82,https://image.tmdb.org/t/p/w500/4xBFmIiIqbzEes6Nnh27Q1jOKBa.jpg,Gopichand Malineni,Gopichand Malineni,Balakrishna,https://www.youtube.com/embed/3o7H2gNQk9A,https://image.tmdb.org/t/p/original/7rNebkik5O2YLluU6xS2YJqXTAP.jpg
51,Bimbisara,Fantasy,Telugu,Telangana,An ancient king time-travels into the modern world.,2022,7.4,87,https://image.tmdb.org/t/p/w500/imy0RTW2xGZNF0SCY3jf672VQmP.jpg,Mallidi Vassishta,Mallidi Vassishta,Nandamuri Kalyan Ram,https://www.youtube.com/embed/4n3Z0WmZz8g,https://image.tmdb.org/t/p/original/gl73XYPrjMoxZSxXjbU6pbQocH5.jpg
52,Sarkaru Vaari Paata,Drama,Telugu,Andhra Pradesh,A banker takes on corrupt financial powers.,2022,6.5,80,https://image.tmdb.org/t/p/w500/jFwdKKDmgzKjZGFnSJma7I5XMpk.jpg,Parasuram,Parasuram,Mahesh Babu|Keerthy Suresh,https://www.youtube.com/embed/wq2r6J5Y0wQ,https://image.tmdb.org/t/p/original/jNcf5p8y7CieOu9uHYzTVm1Qgtm.jpg
53,Major,Biography,Telugu,Telangana,The life of a brave soldier unfolds with honor.,2022,8.1,91,https://image.tmdb.org/t/p/w500/sJOfJuyQVZPwNQ8g21Qv0lojQhC.jpg,Sashi Kiran Tikka,Sashi Kiran Tikka,Adivi Sesh,https://www.youtube.com/embed/3TtVn8f5RjM,https://image.tmdb.org/t/p/original/8tyq1kXM3YQmu3obW6LxWm5TVRO.jpg
54,Ante Sundaraniki,Comedy,Telugu,Telangana,A couple invents lies to delay marriage.,2022,7.6,85,https://image.tmdb.org/t/p/w500/yzMsEhiW8ip3hweLCnu48t4RdWD.jpg,Vivek Athreya,Vivek Athreya,Nani|Nazriya Nazim,https://www.youtube.com/embed/kg3Xd260qIY,https://image.tmdb.org/t/p/original/arhGNrtkEHS9JX5PBf4xeljBVZD.jpg
55,Kushi,Romance,Telugu,Telangana,Love struggles across political and cultural divides.,2023,6.9,83,https://image.tmdb.org/t/p/w500/tiEnkpOarH20cCSikeLiWlvY1We.jpg,Shiva Nirvana,Shiva Nirvana,Vijay Deverakonda|Samantha,https://www.youtube.com/embed/bk_5n4mS-lk,https://image.tmdb.org/t/p/original/iPTB7IFqxC1qG1rU5hQDxbzLQAr.jpg
56,Rangasthalam,Drama,Telugu,Telangana,A rural political rivalry fuels social change.,2018,8.4,93,https://image.tmdb.org/t/p/w500/yiEzDgBBFC25Zd6z0r7sMngn5vr.jpg,Sukumar,Sukumar,Ram Charan|Samantha,https://www.youtube.com/embed/sueMmTm-M4Y,https://image.tmdb.org/t/p/original/6JdOkSgd8wkAQbT6Ncib4DrnyiS.jpg
57,Hanuman,Fantasy,Telugu,Andhra Pradesh,A small-town hero gains divine powers.,2024,8.3,94,https://image.tmdb.org/t/p/w500/bKhXZyGkJB94JuO0ygA60NinRYQ.jpg,Prasanth Varma,Prasanth Varma,Teja Sajja,https://www.youtube.com/embed/6S3s0C4n8WQ,/static/banners/hanuman.jpg
58,Kalki 2898 AD,Sci-Fi,Telugu,Telangana,A futuristic battle between good and evil unfolds.,2024,8.2,95,https://image.tmdb.org/t/p/w500/rstcAnBeCkxNQjNp3YXrF6IP1tW.jpg,Nag Ashwin,Nag Ashwin,Prabhas|Deepika Padukone,https://www.youtube.com/embed/rn7tdg6cpW4,https://image.tmdb.org/t/p/original/o8XSR1SONnjcsv84NRu6Mwsl5io.jpg
59,Guntur Kaaram,Action,Telugu,Andhra Pradesh,A man confronts political corruption in his hometown.,2024,6.8,84,https://image.tmdb.org/t/p/w500/qvBt4YLy274ZmoMAfVlwmHkjVkq.jpg,Trivikram Srinivas,Trivikram Srinivas,Mahesh Babu,https://www.youtube.com/embed/q8M6Ybjr2Wc,https://image.tmdb.org/t/p/original/pRb9zpNXH1u6Fd4Da9H8PaIDwoY.jpg
60,Eagle,Action,Telugu,Telangana,A journalist uncovers a deadly arms conspiracy.,2024,7.3,88,https://image.tmdb.org/t/p/w500/lnlJkAlnw5AovZ0S5Zbp8m6YPjm.jpg,Karthik Gattamneni,Karthik Gattamneni,Ravi Teja,https://www.youtube.com/embed/cDkAutq7iKM,https://image.tmdb.org/t/p/original/A7SfkQbYiU5iN275bZzA3vumWAo.jpg
61,Manjummel Boys,Drama,Malayalam,Kerala,Friends face a life-or-death ordeal during a cave expedition.,2024,8.7,97,https://image.tmdb.org/t/p/w500/bswrtewwthpsh6nABiqKevU4UBI.jpg,Chidambaram,Chidambaram,Soubin Shahir|Sreenath Bhasi,https://www.youtube.com/embed/9uzfrur9SDU,https://image.tmdb.org/t/p/original/zGsHpuMN412VyzJZZnQeq4lMdjF.jpg
62,Aavesham,Action,Malayalam,Kerala,A wild gangster enters the lives of three college students.,2024,8.3,95,https://image.tmdb.org/t/p/w500/k5RWPaNjgRcNvGoawYaQHQwyctI.jpg,Jithu Madhavan,Jithu Madhavan,Fahadh Faasil,https://www.youtube.com/embed/0qQ4x0s0mXU,https://image.tmdb.org/t/p/original/nLan6e0bHtPhEYOUvSNTOFBb6Kg.jpg
63,Premalu,Romance,Malayalam,Kerala,A lighthearted love story set in modern Hyderabad.,2024,8.1,93,https://image.tmdb.org/t/p/w500/uPpmBjY3znUqGY8kYwI5xvOrSc0.jpg,Girish AD,Girish AD,Naslen|Mamitha Baiju,https://www.youtube.com/embed/OnxChVgg6N8,https://image.tmdb.org/t/p/original/gDyLcjvmdAhmYqjCMwZ9PndnAVm.jpg
64,Neru,Drama,Malayalam,Kerala,A lawyer fights for justice for a visually impaired survivor.,2023,8,91,https://image.tmdb.org/t/p/w500/ktzJcMp4J1XssMgpZoQp0aFSrpC.jpg,Jeethu Joseph,Jeethu Joseph,Mohanlal|Anaswara Rajan,https://www.youtube.com/embed/f7Rk5YF1QzI,https://image.tmdb.org/t/p/original/s5iqa1trf5fLjZrYI38aF0n8YUr.jpg
65,2018,Disaster,Malayalam,Kerala,Stories of survival during the devastating Kerala floods.,2023,8.2,92,https://image.tmdb.org/t/p/w500/uz9qc6lNGyqS2xvuXUfpJh2eP6b.jpg,Jude Anthany Joseph,Jude Anthany Joseph,Tovino Thomas,https://www.youtube.com/embed/Af3cjNPhM4o,https://image.tmdb.org/t/p/original/phHKTgg0D1KcbxCm2MDdHQ3TKqR.jpg
66,RDX,Action,Malayalam,Kerala,Former fighters reunite to protect their neighborhood.,2023,7.8,88,https://image.tmdb.org/t/p/w500/y6QRQ0bHGt9Wc1BBTZsa1iB2PAm.jpg,Nahas Hidayath,Nahas Hidayath,Shane Nigam|Antony Varghese,https://www.youtube.com/embed/5n5u0R0m9yQ,https://image.tmdb.org/t/p/original/2n6KECWCNmekIEgZFNlldkELUsP.jpg
67,Kaathal – The Core,Drama,Malayalam,Kerala,A political leader confronts hidden truths in his marriage.,2023,7.9,87,https://image.tmdb.org/t/p/w500/uPtqA6uwGqL19gXjzSlmQ31XFn.jpg,Jeo Baby,Jeo Baby,Mammootty|Jyothika,https://www.youtube.com/embed/uc0kllY_Rgo,https://image.tmdb.org/t/p/original/otwvq063nQCWVIBFg2kyHHcm2AP.jpg
68,Thallumaala,Action,Malayalam,Kerala,A non-linear narrative of rivalry and street fights.,2022,7.7,86,https://image.tmdb.org/t/p/w500/4Y1tcQqAiUkAbc6SUJgoP73sE5S.jpg,Khalid Rahman,Khalid Rahman,Tovino Thomas,https://www.youtube.com/embed/L7y3KqkZx5Q,https://image.tmdb.org/t/p/original/2DU26ybLByYaGoTjQxxjcIXySNQ.jpg
69,Jana Gana Mana,Drama,Malayalam,Kerala,A legal thriller exposing systemic injustice.,2022,8.3,90,https://image.tmdb.org/t/p/w500/1bSPVn6HlkGYTQ4tJYJ0UGWnQM9.jpg,Dijo Jose Antony,Dijo Jose Antony,Prithviraj Sukumaran,https://www.youtube.com/embed/9g2p6m2Kx1E,https://image.tmdb.org/t/p/original/qo4WSjKvtw6KztqhgK1tXsLuVP4.jpg
70,Malikappuram,Drama,Malayalam,Kerala,A young girl's spiritual journey to Sabarimala.,2023,7.6,85,https://image.tmdb.org/t/p/w500/3CFhiwbxJXu7YpOJG3vG1TRB0Zd.jpg,Vishnu Sasi Shankar,Vishnu Sasi Shankar,Unni Mukundan,https://www.youtube.com/embed/2R8WqQmFQxU,https://image.tmdb.org/t/p/original/3hMaW8jFKQe95K7CWMP7SHtYu6s.jpg
71,Romancham,Comedy,Malayalam,Kerala,Friends experience strange events after playing with a Ouija board.,2023,7.4,84,https://image.tmdb.org/t/p/w500/bzNz08Oe2LoTvPp5QzVkNodRyoF.jpg,Jithu Madhavan,Jithu Madhavan,Soubin Shahir,https://www.youtube.com/embed/0A3yXk8m7rI,https://image.tmdb.org/t/p/original/d8oyEVVrsmhvpXeammA3YLfXosW.jpg
72,Pachuvum Athbutha Vilakkum,Comedy,Malayalam,Kerala,An innocent man navigates chaos during a Gulf trip.,2023,7.3,82,https://image.tmdb.org/t/p/w500/dhIr3BSgxLgshCH8waq7zz7zmft.jpg,Akhil Sathyan,Akhil Sathyan,Fahadh Faasil,https://www.youtube.com/embed/c_oqy0-lvI4,https://image.tmdb.org/t/p/original/9nysqCWd0XpkadYMxxLsTVe07Ni.jpg
73,Iratta,Thriller,Malayalam,Kerala,Twin brothers collide in a dark psychological mystery.,2023,8,89,https://image.tmdb.org/t/p/w500/1SEN2ymA9NrqBD8hbakBDFCO6r2.jpg,Rohith MG Krishnan,Rohith MG Krishnan,Joju George,https://www.youtube.com/embed/6KkF6q3X8oA,https://image.tmdb.org/t/p/original/dJj3rT0OcSi5G713BezmqIDfd90.jpg
74,Thankam,Thriller,Malayalam,Kerala,A gold agent becomes the prime suspect in a crime.,2023,7.2,81,https://image.tmdb.org/t/p/w500/lB4VhlVcJGxBTHtSgFaCJdFrmxL.jpg,Rahul Riji Nair,Rahul Riji Nair,Biju Menon|Vineeth Sreenivasan,https://www.youtube.com/embed/4s2Z7K9y0oE,https://image.tmdb.org/t/p/original/oc8f5Edg2V3n3G9g0bhs45yuaD4.jpg
75,Madanolsavam,Romance,Malayalam,Kerala,Young love blooms amid college festival chaos.,2023,6.9,79,https://image.tmdb.org/t/p/w500/9snOMWvoMeLsoW5xYUsB9hV9hed.jpg,Sudheesh Gopinath,Sudheesh Gopinath,Suraj Venjaramoodu,https://www.youtube.com/embed/1K3m8Zk9WqE,https://image.tmdb.org/t/p/original/aqrX7KpPypMo2mChBDCEBlIy8hP.jpg
76,Adrishya Jalakangal,Drama,Malayalam,Kerala,A poetic exploration of human emotions and silence.,2023,7.1,78,https://image.tmdb.org/t/p/w500/akuJbauxAndSZ4Un1zITXNhmpdA.jpg,Biju Damodaran,Biju Damodaran,Indrans,https://www.youtube.com/embed/AYr9n1AN4Pg,https://image.tmdb.org/t/p/original/2NXQ5wG2RsXGhfWnQbueWaa2tW5.jpg
77,Philips,Comedy,Malayalam,Kerala,A simple man tries to protect his family's happiness.,2023,7,80,https://image.tmdb.org/t/p/w500/3yvbNu251U2LwCFFblqrgBN2LFS.jpg,Rajesh Mohan,Rajesh Mohan,Mukesh,https://www.youtube.com/embed/9M2QF8y7KxA,https://image.tmdb.org/t/p/original/k18yWf5y1nDtsyOEhY9MstOjQpV.jpg
78,Garudan,Thriller,Malayalam,Kerala,A professor is caught in a high-stakes investigation.,2024,7.8,86,https://image.tmdb.org/t/p/w500/xLBfXgJAKYqUQmq8HkD9CUFiaMm.jpg,Arun Varma,Arun Varma,Suresh Gopi|Biju Menon,https://www.youtube.com/embed/2P9kQm6Xx7E,https://image.tmdb.org/t/p/original/5CayL5lnfk0PJq9HXqqegvcmtdE.jpg
79,Turbo,Action,Malayalam,Kerala,A fearless man confronts a powerful criminal network.,2024,7.5,88,https://image.tmdb.org/t/p/w500/cNPUb6bsBgv6dpnQ7PEF74skR2L.jpg,Vysakh,Vysakh,Mammootty,https://www.youtube.com/embed/6X9mQk8Z2oE,https://image.tmdb.org/t/p/original/rJjMY8ci9gVQBEG8169nfHvzL9o.jpg
80,Varshangalkku Shesham,Drama,Malayalam,Kerala,Two friends navigate ambition and friendship over decades.,2024,7.7,90,https://image.tmdb.org/t/p/w500/dVLqE9aEszo8yrc8TDk3bloYHHS.jpg,Vineeth Sreenivasan,Vineeth Sreenivasan,Pranav Mohanlal,https://www.youtube.com/embed/50GJ7D_00NA,https://image.tmdb.org/t/p/original/d2LcfSjPO0L8esuRXqhQU10JzpQ.jpg
81,Dune: Part Two,Sci-Fi,English,USA,Paul Atreides unites with the Fremen to seek revenge and destiny.,2024,8.8,97,https://image.tmdb.org/t/p/w500/1pdfLvkbY9ohJlCjQH2CZjjYVvJ.jpg,Denis Villeneuve,Denis Villeneuve,Timothée Chalamet|Zendaya,https://www.youtube.com/embed/U2Qp5pL3ovA,https://image.tmdb.org/t/p/original/o869RihWTdTyBcEZBjz0izvEsVf.jpg
82,Oppenheimer,Biography,English,USA,The story of the man behind the atomic bomb.,2023,8.9,98,https://image.tmdb.org/t/p/w500/8Gxv8gSFCU0XGDykEGv7zR1n2ua.jpg,Christopher Nolan,Christopher Nolan,Cillian Murphy|Emily Blunt,https://www.youtube.com/embed/qiuSBWVdgLI,https://image.tmdb.org/t/p/original/ycnO0cjsAROSGJKuMODgRtWsHQw.jpg
83,Barbie,Comedy,English,USA,A doll questions her perfect world and identity.,2023,7.4,95,https://image.tmdb.org/t/p/w500/iuFNMS8U5cb6xfzi51Dbkovj7vM.jpg,Greta Gerwig,Greta Gerwig,Margot Robbie|Ryan Gosling,https://www.youtube.com/embed/Y1IgAEejvqM,https://image.tmdb.org/t/p/original/3N5QNUqS76GFYNoEayfkkJyAyTN.jpg
84,The Batman,Action,English,USA,Batman uncovers corruption while hunting a serial killer.,2022,7.8,92,https://image.tmdb.org/t/p/w500/74xTEgt7R36Fpooo50r9T25onhq.jpg,Matt Reeves,Matt Reeves,Robert Pattinson,https://www.youtube.com/embed/vc7_mH2PWHs,https://image.tmdb.org/t/p/original/b0PlSFdDwbyK0cf5RxwDpaOJQvQ.jpg
85,Top Gun: Maverick,Action,English,USA,A veteran pilot trains the next generation of fighters.,2022,8.3,96,https://image.tmdb.org/t/p/w500/62HCnUTziyWcpDaBO2i1DX17ljH.jpg,Joseph Kosinski,Christopher McQuarrie,Tom Cruise,https://www.youtube.com/embed/ODZMo8HXqwA,https://image.tmdb.org/t/p/original/AaV1YIdWKnjAIAOe8UUKBFm327v.jpg
86,John Wick: Chapter 4,Action,English,USA,John Wick faces global assassins to earn his freedom.,2023,8.2,94,https://image.tmdb.org/t/p/w500/vZloFAK7NmvMGKE7VkF5UHaz0I.jpg,Chad Stahelski,Shay Hatten,Keanu Reeves,https://www.youtube.com/embed/yjRHZEUamCc,https://image.tmdb.org/t/p/original/7I6VUdPj6tQECNHdviJkUHD2u89.jpg
87,Avatar: The Way of Water,Sci-Fi,English,USA,The Sully family fights to protect Pandora.,2022,7.7,93,https://image.tmdb.org/t/p/w500/t6HIqrRAclMCA60NsSmeqe9RmNV.jpg,James Cameron,James Cameron,Sam Worthington|Zoe Saldana,https://www.youtube.com/embed/o5F8MOz_IDw,https://image.tmdb.org/t/p/original/cd8YDn7M0lfaHhZdU6MvCDxPalP.jpg
88,Everything Everywhere All at Once,Fantasy,English,USA,A woman explores parallel universes to save reality.,2022,8.6,91,https://image.tmdb.org/t/p/w500/u68AjlvlutfEIcpmbYpKcdi09ut.jpg,Daniel Kwan|Daniel Scheinert,Daniel Kwan|Daniel Scheinert,Michelle Yeoh,https://www.youtube.com/embed/wxN1T1uxQ2g,https://image.tmdb.org/t/p/original/ss0Os3uWJfQAENILHZUdX8Tt1OC.jpg
89,Guardians of the Galaxy Vol. 3,Action,English,USA,The Guardians fight to save one of their own.,2023,8,90,https://image.tmdb.org/t/p/w500/r2J02Z2OpNTctfOSN1Ydgii51I3.jpg,James Gunn,James Gunn,Chris Pratt,https://www.youtube.com/embed/AAE5VZktooM,https://image.tmdb.org/t/p/original/hoVj2lYW3i7oMd1o7bPQRZd1lk1.jpg
90,Spider-Man: Across the Spider-Verse,Animation,English,USA,Miles Morales journeys across the multiverse.,2023,8.7,94,https://image.tmdb.org/t/p/w500/8Vt6mWEReuy4Of61Lnj5Xj704m8.jpg,Joaquim Dos Santos,Phil Lord|Chris Miller,Shameik Moore,https://www.youtube.com/embed/yFrxzaBLDQM,https://image.tmdb.org/t/p/original/9xfDWXAUbFXQK585JvByT5pEAhe.jpg
91,Killers of the Flower Moon,Crime,English,USA,A true-crime saga of betrayal and greed.,2023,8.1,89,https://image.tmdb.org/t/p/w500/dB6Krk806zeqd0YNp2ngQ9zXteH.jpg,Martin Scorsese,Eric Roth,Leonardo DiCaprio,https://www.youtube.com/embed/1oZUCkJEuvo,https://image.tmdb.org/t/p/original/1X7vow16X7CnCoexXh4H4F2yDJv.jpg
92,Wonka,Fantasy,English,UK,The early adventures of the famous chocolatier.,2023,7.2,85,https://image.tmdb.org/t/p/w500/qhb1qOilapbapxWQn9jtRCMwXJF.jpg,Paul King,Simon Farnaby,Timothée Chalamet,https://www.youtube.com/embed/wYmtRhKvmVE,https://image.tmdb.org/t/p/original/xwzJiqdDIlXYeUkPjbOvXZicig2.jpg
93,The Creator,Sci-Fi,English,USA,A soldier battles AI to save humanity.,2023,7.1,86,https://image.tmdb.org/t/p/w500/3dSivDtOuyxLDxPH4v2tcNG1fP7.jpg,Gareth Edwards,Gareth Edwards,John David Washington,https://www.youtube.com/embed/MAZuGdi32bk,https://image.tmdb.org/t/p/original/iQcCAm8hKWZyUntqrvzyEGtXyJl.jpg
94,The Holdovers,Drama,English,USA,A grumpy teacher bonds with students over winter break.,2023,8,84,https://image.tmdb.org/t/p/w500/VHSzNBTwxV8vh7wylo7O9CLdac.jpg,Alexander Payne,David Hemingson,Paul Giamatti,https://www.youtube.com/embed/AhKLpJmHhIg,https://image.tmdb.org/t/p/original/fdfJVwWnMVTb3pWcODEKIlROWLP.jpg
95,Poor Things,Fantasy,English,UK,A woman is reborn into a surreal world.,2023,8.4,88,https://image.tmdb.org/t/p/w500/kCGlIMHnOm8JPXq3rXM6c5wMxcT.jpg,Yorgos Lanthimos,Tony McNamara,Emma Stone,https://www.youtube.com/embed/-EfYJWRw2FM,https://image.tmdb.org/t/p/original/zh6IdheEYinU4TPtorWsjx6qPQE.jpg
96,Civil War,Thriller,English,USA,Journalists navigate a divided America.,2024,7.6,87,https://image.tmdb.org/t/p/w500/sh7Rg8Er3tFcN9BpKIPOMvALgZd.jpg,Alex Garland,Alex Garland,Kirsten Dunst,https://www.youtube.com/embed/c2G18nIVpNE,https://image.tmdb.org/t/p/original/en3GU5uGkKaYmSyetHV4csHHiH3.jpg
97,Kung Fu Panda 4,Animation,English,USA,Po embarks on a new adventure as a spiritual leader.,2024,7,83,https://image.tmdb.org/t/p/w500/kDp1vUBnMpe8ak4rjgl3cLELqjU.jpg,Mike Mitchell,Jonathan Aibel,Jack Black,https://www.youtube.com/embed/d2OONzqh2jk,https://image.tmdb.org/t/p/original/3ffPx9jqg0yj9y1KWeagT7D20CB.jpg
98,Kingdom of the Planet of the Apes,Sci-Fi,English,USA,A new ape civilization rises years after Caesar.,2024,7.5,86,https://image.tmdb.org/t/p/w500/gKkl37BQuKTanygYQG1pyYgLVgf.jpg,Wes Ball,Josh Friedman,Owen Teague,https://www.youtube.com/embed/Tg1FesR8X90,https://image.tmdb.org/t/p/original/iHYh4cdO8ylA3W0dUxTDVdyJ5G9.jpg
99,Deadpool & Wolverine,Action,English,USA,Two anti-heroes collide in multiverse chaos.,2024,8.3,95,https://image.tmdb.org/t/p/w500/8cdWjvZQUExUUTzyp4t6EDMubfO.jpg,Shawn Levy,Rhett Reese,Ryan Reynolds|Hugh Jackman,https://www.youtube.com/embed/Idh8n5XuYIA,https://image.tmdb.org/t/p/original/ufpeVEM64uZHPpzzeiDNIAdaeOD.jpg
100,Furiosa: A Mad Max Saga,Action,English,USA,The origin story of the fierce warrior Furiosa.,2024,8.1,92,https://image.tmdb.org/t/p/w500/iADOJ8Zymht2JPMoy3R7xceZprc.jpg,George Miller,George Miller,Anya Taylor-Joy,https://www.youtube.com/embed/LYV3001u574,https://image.tmdb.org/t/p/original/wNAhuOZ3Zf84jCIlrcI6JhgmY5q.jpg
